<teams>
	<team name="Anaheim Ducks" logo="http://brockoli.dyndns.org/moe/artwork/Anaheim.jpg"></team>
	<team name="Boston Bruins" logo="http://brockoli.dyndns.org/moe/artwork/Boston.jpg"></team>
	<team name="Buffalo Sabres" logo="http://brockoli.dyndns.org/moe/artwork/Buffalo.jpg"></team>
	<team name="Calgary Flames" logo="http://brockoli.dyndns.org/moe/artwork/Calgary.jpg"></team>
	<team name="Carolina Hurricanes" logo="http://brockoli.dyndns.org/moe/artwork/Carolina.jpg"></team>
	<team name="Chicago Blackhawks" logo="http://brockoli.dyndns.org/moe/artwork/Chicago.jpg"></team>
	<team name="Colorado Avalanche" logo="http://brockoli.dyndns.org/moe/artwork/Colorado.jpg"></team>
	<team name="Columbus Blue Jackets" logo="http://brockoli.dyndns.org/moe/artwork/Columbus.jpg"></team>
	<team name="Dallas Stars" logo="http://brockoli.dyndns.org/moe/artwork/Dallas.jpg"></team>
	<team name="Detroit Red Wings" logo="http://brockoli.dyndns.org/moe/artwork/Detroit.jpg"></team>
	<team name="Edmonton Oilers" logo="http://brockoli.dyndns.org/moe/artwork/Edmonton.jpg"></team>
	<team name="Florida Panthers" logo="http://brockoli.dyndns.org/moe/artwork/Florida.jpg"></team>
	<team name="Los Angeles Kings" logo="http://brockoli.dyndns.org/moe/artwork/LA.jpg"></team>
	<team name="Minnesota Wild" logo="http://brockoli.dyndns.org/moe/artwork/Minnesota.jpg"></team>
	<team name="Montreal Canadiens" logo="http://brockoli.dyndns.org/moe/artwork/Montreal.jpg"></team>
	<team name="Nashville Predators" logo="http://brockoli.dyndns.org/moe/artwork/Nashville.jpg"></team>
	<team name="New Jersey Devils" logo="http://brockoli.dyndns.org/moe/artwork/New_Jersey.jpg"></team>
	<team name="New York Islanders" logo="http://brockoli.dyndns.org/moe/artwork/Islanders.jpg"></team>
	<team name="New York Rangers" logo="http://brockoli.dyndns.org/moe/artwork/Rangers.jpg"></team>
	<team name="Ottawa Senators" logo="http://brockoli.dyndns.org/moe/artwork/Ottawa.jpg"></team>
	<team name="Philadelphia Flyers" logo="http://brockoli.dyndns.org/moe/artwork/Philadelphia.jpg"></team>
	<team name="Phoenix Coyotes" logo="http://brockoli.dyndns.org/moe/artwork/Phoenix.jpg"></team>
	<team name="Pittsburgh Penguins" logo="http://brockoli.dyndns.org/moe/artwork/Pitt.jpg"></team>
	<team name="San Jose Sharks" logo="http://brockoli.dyndns.org/moe/artwork/San_Jose.jpg"></team>
	<team name="St Louis Blues" logo="http://brockoli.dyndns.org/moe/artwork/St-Louis.jpg"></team>
	<team name="Tampa Bay Lightning" logo="http://brockoli.dyndns.org/moe/artwork/Tampa_Bay.jpg"></team>
	<team name="Toronto Maple Leafs" logo="http://brockoli.dyndns.org/moe/artwork/Toronto.jpg"></team>
	<team name="Vancouver Canucks" logo="http://brockoli.dyndns.org/moe/artwork/Vancouver.jpg"></team>
	<team name="Washington Capitals" logo="http://brockoli.dyndns.org/moe/artwork/Washington.jpg"></team>
	<team name="Winnipeg Jets" logo="http://brockoli.dyndns.org/moe/artwork/Winnipeg.jpg"></team>
</teams>