<teams>
	<team name="anaheim_ducks" logo="pkg:/images/anaheim_ducks.png"></team>
	<team name="boston_bruins" logo="pkg:/images/boston_bruins.png"></team>
	<team name="buffalo_sabres" logo="pkg:/images/buffalo_sabres.png"></team>
	<team name="calgary_flames" logo="pkg:/images/calgary_flames.png"></team>
	<team name="carolina_hurricanes" logo="pkg:/images/carolina_hurricanes.png"></team>
	<team name="chicago_blackhawks" logo="pkg:/images/chicago_blackhawks.png"></team>
	<team name="colorado_avalanche" logo="pkg:/images/colorado_avalanche.png"></team>
	<team name="columbus_blue_jackets" logo="pkg:/images/columbus_blue_jackets.png"></team>
	<team name="dallas_stars" logo="pkg:/images/dallas_stars.png"></team>
	<team name="detroit_red_wings" logo="pkg:/images/detroit_red_wings.png"></team>
	<team name="edmonton_oilers" logo="pkg:/images/edmonton_oilers.png"></team>
	<team name="florida_panthers" logo="pkg:/images/florida_panthers.png"></team>
	<team name="los_angeles_kings" logo="pkg:/images/los_angeles_kings.png"></team>
	<team name="minnesota_wild" logo="pkg:/images/minnesota_wild.png"></team>
	<team name="montreal_canadiens" logo="pkg:/images/montreal_canadiens.png"></team>
	<team name="nashville_predators" logo="pkg:/images/nashville_predators.png"></team>
	<team name="new_jersey_devils" logo="pkg:/images/new_jersey_devils.png"></team>
	<team name="new_york_islanders" logo="pkg:/images/new_york_islanders.png"></team>
	<team name="new_york_rangers" logo="pkg:/images/new_york_rangers.png"></team>
	<team name="ottawa_senators" logo="pkg:/images/ottawa_senators.png"></team>
	<team name="philadelphia_flyers" logo="pkg:/images/philadelphia_flyers.png"></team>
	<team name="phoenix_coyotes" logo="pkg:/images/phoenix_coyotes.png"></team>
	<team name="pittsburgh_penguins" logo="pkg:/images/pittsburgh_penguins.png"></team>
	<team name="san_jose_sharks" logo="pkg:/images/san_jose_sharks.png"></team>
	<team name="st_louis_blues" logo="pkg:/images/st_louis_blues.png"></team>
	<team name="tampa_bay_lightning" logo="pkg:/images/tampa_bay_lightning.png"></team>
	<team name="toronto_maple_leafs" logo="pkg:/images/toronto_maple_leafs.png"></team>
	<team name="vancouver_canucks" logo="pkg:/images/vancouver_canucks.png"></team>
	<team name="washington_capitals" logo="pkg:/images/washington_capitals.png"></team>
	<team name="winnipeg_jets" logo="pkg:/images/winnipeg_jets.png"></team>
</teams>